<?xml version="1.0" encoding="UTF-8"?>
<project-private xmlns="http://www.netbeans.org/ns/project-private/1">
    <editor-bookmarks xmlns="http://www.netbeans.org/ns/editor-bookmarks/2" lastBookmarkId="0"/>
    <open-files xmlns="http://www.netbeans.org/ns/projectui-open-files/2">
        <group>
            <file>file:/C:/Users/cuyog/MPLABXProjects/LAB3_M.X/ADC.c</file>
            <file>file:/C:/Users/cuyog/MPLABXProjects/LAB3_M.X/LCD.c</file>
            <file>file:/C:/Users/cuyog/MPLABXProjects/LAB3_M.X/mapeo.c</file>
            <file>file:/C:/Users/cuyog/MPLABXProjects/LAB3_M.X/SPI_M.h</file>
            <file>file:/C:/Users/cuyog/MPLABXProjects/LAB3_M.X/LCD.h</file>
            <file>file:/C:/Users/cuyog/MPLABXProjects/LAB3_M.X/SPI_M.c</file>
            <file>file:/C:/Users/cuyog/MPLABXProjects/LAB3_M.X/main_M.c</file>
            <file>file:/C:/Users/cuyog/MPLABXProjects/LAB3_M.X/ADC.h</file>
            <file>file:/C:/Users/cuyog/MPLABXProjects/LAB3_M.X/mapeo.h</file>
        </group>
    </open-files>
</project-private>
