<?xml version="1.0" encoding="UTF-8"?>
<project-private xmlns="http://www.netbeans.org/ns/project-private/1">
    <editor-bookmarks xmlns="http://www.netbeans.org/ns/editor-bookmarks/2" lastBookmarkId="0"/>
    <open-files xmlns="http://www.netbeans.org/ns/projectui-open-files/2">
        <group>
            <file>file:/C:/Users/cuyog/MPLABXProjects/LAB3_S.X/main_S.c</file>
            <file>file:/C:/Users/cuyog/MPLABXProjects/LAB3_S.X/adc_S.h</file>
            <file>file:/C:/Users/cuyog/MPLABXProjects/LAB3_S.X/SPI_S.c</file>
            <file>file:/C:/Users/cuyog/MPLABXProjects/LAB3_S.X/int.h</file>
            <file>file:/C:/Users/cuyog/MPLABXProjects/LAB3_S.X/adc_S.c</file>
            <file>file:/C:/Users/cuyog/MPLABXProjects/LAB3_S.X/int.c</file>
            <file>file:/C:/Users/cuyog/MPLABXProjects/LAB3_S.X/SPI_S.h</file>
        </group>
    </open-files>
</project-private>
