<?xml version="1.0" encoding="UTF-8"?>
<project-private xmlns="http://www.netbeans.org/ns/project-private/1">
    <editor-bookmarks xmlns="http://www.netbeans.org/ns/editor-bookmarks/2" lastBookmarkId="0"/>
    <open-files xmlns="http://www.netbeans.org/ns/projectui-open-files/2">
        <group>
            <file>file:/C:/Users/cuyog/MPLABXProjects/LAB3_SLAVE2.X/SPI_S2.h</file>
            <file>file:/C:/Users/cuyog/MPLABXProjects/LAB3_SLAVE2.X/adc_S2.c</file>
            <file>file:/C:/Users/cuyog/MPLABXProjects/LAB3_SLAVE2.X/SPI_S2.c</file>
            <file>file:/C:/Users/cuyog/MPLABXProjects/LAB3_SLAVE2.X/adc_S2.h</file>
            <file>file:/C:/Users/cuyog/MPLABXProjects/LAB3_SLAVE2.X/main_slave2.c</file>
        </group>
    </open-files>
</project-private>
